mouse_id,genotype,condition,panel_key,pair,metric,damaged,intact,ratio,pct_change,log2_ratio,damaged_area_mm2,intact_area_mm2
m2,IFNg_KO_hom,PR8,LEFT,damaged_vs_intact,morph_tissue_fraction,0.11884686854064738,0.20172802955883176,0.5891440510302858,-41.08559489697142,-0.7633076657589319,3.283599900452099,66.91280222047548
m2,IFNg_KO_hom,PR8,LEFT,damaged_vs_intact,morph_airspace_fraction,0.8811531314593527,0.7982719704411684,1.1038257186612475,10.382571866124746,0.14251240520356276,3.283599900452099,66.91280222047548
m2,IFNg_KO_hom,PR8,LEFT,damaged_vs_intact,morph_mli_direct_um,19.26182189583078,17.283458073870193,1.1144657402184783,11.446574021847834,0.15635226740376318,3.283599900452099,66.91280222047548
m2,IFNg_KO_hom,PR8,LEFT,damaged_vs_intact,morph_mli_indirect_um,35.92799120751002,27.53402467050252,1.3048579580158521,30.485795801585212,0.3838927689259523,3.283599900452099,66.91280222047548
m2,IFNg_KO_hom,PR8,LEFT,damaged_vs_intact,morph_airspace_width_edmmean_um,15.92106527062888,12.75355474645299,1.2483629534782714,24.836295347827143,0.3200374494682722,3.283599900452099,66.91280222047548
m2,IFNg_KO_hom,PR8,LEFT,damaged_vs_intact,morph_airspace_width_edmmedian_um,9.560649442098962,9.343553731020009,1.023234811649684,2.3234811649684106,0.033137252346299134,3.283599900452099,66.91280222047548
m2,IFNg_KO_hom,PR8,LEFT,damaged_vs_intact,morph_wall_thickness_edmmean_um,3.8374701640197477,4.889233378002193,0.7848817733441454,-21.511822665585456,-0.3494527375143738,3.283599900452099,66.91280222047548
m2,IFNg_KO_hom,PR8,LEFT,damaged_vs_intact,morph_wall_thickness_edmmedian_um,3.330871894788115,3.6317233733191276,0.9171601337422193,-8.283986625778073,-0.12475444832275731,3.283599900452099,66.91280222047548
m2,IFNg_KO_hom,PR8,LEFT,damaged_vs_intact,morph_wall_thickness_2a_over_b_um,2.703752580317784,3.5230910529415147,0.7674376108049649,-23.256238919503513,-0.38187862419715474,3.283599900452099,66.91280222047548
m2,IFNg_KO_hom,PR8,LEFT,damaged_vs_intact,morph_surface_density_per_um,0.11193371308857575,0.1458083828411756,0.7676768023036203,-23.232319769637964,-0.38142904156177726,3.283599900452099,66.91280222047548
m2,IFNg_KO_hom,PR8,LEFT,damaged_vs_intact,morph_mli_anisotropy_ratio,1.127509663393149,1.0621757099169362,1.0615095533311734,6.150955333117336,0.08611735521077796,3.283599900452099,66.91280222047548
m2,IFNg_KO_hom,PR8,LEFT,damaged_vs_intact,morph_mean_airspace_component_eqdiam_um,15.627009149356878,34.53753449026591,0.45246452533434917,-54.75354746656509,-1.1441234101621551,3.283599900452099,66.91280222047548
m2,IFNg_KO_hom,PR8,LEFT,damaged_vs_intact,morph_confluent_airspace_fraction,0.534903106681247,0.9155860028426263,0.584219401586011,-41.5780598413989,-0.7754178248627851,3.283599900452099,66.91280222047548
m2,IFNg_KO_hom,PR8,LEFT,damaged_core_vs_intact_core,morph_tissue_fraction,0.0792714212416624,0.19644255983094203,0.4035348618440076,-59.64651381559924,-1.3092347799050468,0.029692949285512447,7.108414360623637
m2,IFNg_KO_hom,PR8,LEFT,damaged_core_vs_intact_core,morph_airspace_fraction,0.9207285787583376,0.803557440169058,1.1458155107923937,14.581551079239375,0.196374772636463,0.029692949285512447,7.108414360623637
m2,IFNg_KO_hom,PR8,LEFT,damaged_core_vs_intact_core,morph_mli_direct_um,28.250150401739113,19.960129334682268,1.4153290255816275,41.53290255816275,0.5011374794848186,0.029692949285512447,7.108414360623637
m2,IFNg_KO_hom,PR8,LEFT,damaged_core_vs_intact_core,morph_mli_indirect_um,50.372012805944195,27.216513958054758,1.85078856475065,85.078856475065,0.888140090233431,0.029692949285512447,7.108414360623637
m2,IFNg_KO_hom,PR8,LEFT,damaged_core_vs_intact_core,morph_airspace_width_edmmean_um,47.72352576616278,15.90116077190951,3.001260502344562,200.12605023445622,1.5855685469034744,0.029692949285512447,7.108414360623637
m2,IFNg_KO_hom,PR8,LEFT,damaged_core_vs_intact_core,morph_airspace_width_edmmedian_um,19.983644859813083,12.304536867298888,1.6240875276600253,62.40875276600253,0.6996293864136567,0.029692949285512447,7.108414360623637
m2,IFNg_KO_hom,PR8,LEFT,damaged_core_vs_intact_core,morph_wall_thickness_edmmean_um,3.861791814570127,4.864422468374523,0.7938849554447865,-20.611504455521345,-0.33299813819249074,0.029692949285512447,7.108414360623637
m2,IFNg_KO_hom,PR8,LEFT,damaged_core_vs_intact_core,morph_wall_thickness_edmmedian_um,3.336216216216216,3.5996692707594775,0.9268118722230065,-7.318812777699346,-0.10965157001182572,0.029692949285512447,7.108414360623637
m2,IFNg_KO_hom,PR8,LEFT,damaged_core_vs_intact_core,morph_wall_thickness_2a_over_b_um,2.550759685108241,3.391410449172426,0.7521235554754745,-24.78764445245255,-0.410958414062043,0.029692949285512447,7.108414360623637
m2,IFNg_KO_hom,PR8,LEFT,damaged_core_vs_intact_core,morph_surface_density_per_um,0.0791383907166939,0.14750112921707406,0.5365273549887726,-46.347264501122744,-0.8982763658430035,0.029692949285512447,7.108414360623637
m2,IFNg_KO_hom,PR8,LEFT,damaged_core_vs_intact_core,morph_mli_anisotropy_ratio,1.176832707140191,1.0550724483854268,1.1154046425353001,11.540464253530015,0.15756718088652272,0.029692949285512447,7.108414360623637
m2,IFNg_KO_hom,PR8,LEFT,damaged_core_vs_intact_core,morph_mean_airspace_component_eqdiam_um,3.114302613281731,6.154408353258251,0.5060279452586153,-49.397205474138474,-0.9827110353180407,0.029692949285512447,7.108414360623637
m2,IFNg_KO_hom,PR8,LEFT,damaged_core_vs_intact_core,morph_confluent_airspace_fraction,0.0,0.0,,,,0.029692949285512447,7.108414360623637
m4-1,IFNg_KO_het,PR8,LEFT,damaged_vs_intact,morph_tissue_fraction,0.1856060091154304,0.22290664521433529,0.8326625208367451,-16.73374791632549,-0.26419620694160895,3.922630561191361,54.551112491056315
m4-1,IFNg_KO_het,PR8,LEFT,damaged_vs_intact,morph_airspace_fraction,0.8143939908845695,0.7770933547856647,1.0480001995502755,4.800019955027546,0.06763899157971953,3.922630561191361,54.551112491056315
m4-1,IFNg_KO_het,PR8,LEFT,damaged_vs_intact,morph_mli_direct_um,16.855039624329827,16.044362179220563,1.0505272466461266,5.052724664612662,0.07111358047025083,3.922630561191361,54.551112491056315
m4-1,IFNg_KO_het,PR8,LEFT,damaged_vs_intact,morph_mli_indirect_um,27.267156380057838,26.785761171392252,1.0179720563319188,1.7972056331918784,0.02569795950331467,3.922630561191361,54.551112491056315
m4-1,IFNg_KO_het,PR8,LEFT,damaged_vs_intact,morph_airspace_width_edmmean_um,11.816557376317537,12.099668770111583,0.9766017236361557,-2.3398276363844284,-0.034157770650323147,3.922630561191361,54.551112491056315
m4-1,IFNg_KO_het,PR8,LEFT,damaged_vs_intact,morph_airspace_width_edmmedian_um,9.005914376815845,9.121798986657765,0.9872958601684358,-1.2704139831564154,-0.018445617057726564,3.922630561191361,54.551112491056315
m4-1,IFNg_KO_het,PR8,LEFT,damaged_vs_intact,morph_wall_thickness_edmmean_um,5.03564190517076,5.375029063898002,0.9368585444482942,-6.3141455551705805,-0.09409686197505428,3.922630561191361,54.551112491056315
m4-1,IFNg_KO_het,PR8,LEFT,damaged_vs_intact,morph_wall_thickness_edmmedian_um,3.5263052834135786,3.723224172386945,0.947110654675643,-5.288934532435697,-0.07839510359106534,3.922630561191361,54.551112491056315
m4-1,IFNg_KO_het,PR8,LEFT,damaged_vs_intact,morph_wall_thickness_2a_over_b_um,3.2050089606894927,3.7882831289595735,0.8460320550459297,-15.396794495407029,-0.24121576868197944,3.922630561191361,54.551112491056315
m4-1,IFNg_KO_het,PR8,LEFT,damaged_vs_intact,morph_surface_density_per_um,0.14746973468392516,0.1498375627215013,0.9841973668379993,-1.58026331620007,-0.022980438259629112,3.922630561191361,54.551112491056315
m4-1,IFNg_KO_het,PR8,LEFT,damaged_vs_intact,morph_mli_anisotropy_ratio,1.0814620357732876,1.0608960751441303,1.0193854620739955,1.9385462073995496,0.02769968356358941,3.922630561191361,54.551112491056315
m4-1,IFNg_KO_het,PR8,LEFT,damaged_vs_intact,morph_mean_airspace_component_eqdiam_um,10.758299461622562,30.266312451755017,0.3554545826741022,-64.45454173258977,-1.49226286004044,3.922630561191361,54.551112491056315
m4-1,IFNg_KO_het,PR8,LEFT,damaged_vs_intact,morph_confluent_airspace_fraction,0.030855040645582386,0.8676716815044712,0.035560732594248426,-96.44392674057517,-4.813571144032174,3.922630561191361,54.551112491056315
m4-1,IFNg_KO_het,PR8,LEFT,damaged_core_vs_intact_core,morph_tissue_fraction,0.16230998811240102,0.2378860407179379,0.6823014398934505,-31.76985601065495,-0.5515188339967766,0.3011724309649323,4.904470815746917
m4-1,IFNg_KO_het,PR8,LEFT,damaged_core_vs_intact_core,morph_airspace_fraction,0.837690011887599,0.762113959282062,1.099166340788105,9.916634078810493,0.1364097310284875,0.3011724309649323,4.904470815746917
m4-1,IFNg_KO_het,PR8,LEFT,damaged_core_vs_intact_core,morph_mli_direct_um,20.77641561972345,17.545233327933506,1.1841629707281025,18.416297072810252,0.24386764590054416,0.3011724309649323,4.904470815746917
m4-1,IFNg_KO_het,PR8,LEFT,damaged_core_vs_intact_core,morph_mli_indirect_um,26.716231661537012,25.116288943590686,1.0637013979867678,6.370139798676777,0.08909321465122826,0.3011724309649323,4.904470815746917
m4-1,IFNg_KO_het,PR8,LEFT,damaged_core_vs_intact_core,morph_airspace_width_edmmean_um,13.739410503669774,15.188311067605714,0.9046042343031664,-9.539576569683362,-0.1446413458847831,0.3011724309649323,4.904470815746917
m4-1,IFNg_KO_het,PR8,LEFT,damaged_core_vs_intact_core,morph_airspace_width_edmmedian_um,9.966641904559765,9.77123616983599,1.0199980566764926,1.999805667649257,0.028566403543969155,0.3011724309649323,4.904470815746917
m4-1,IFNg_KO_het,PR8,LEFT,damaged_core_vs_intact_core,morph_wall_thickness_edmmean_um,3.9118524690972403,5.830791851552382,0.6708955779403708,-32.91044220596292,-0.5758398603708942,0.3011724309649323,4.904470815746917
m4-1,IFNg_KO_het,PR8,LEFT,damaged_core_vs_intact_core,morph_wall_thickness_edmmedian_um,3.372600395700765,3.756811938312601,0.897729364972044,-10.227063502795597,-0.1556475081164958,0.3011724309649323,4.904470815746917
m4-1,IFNg_KO_het,PR8,LEFT,damaged_core_vs_intact_core,morph_wall_thickness_2a_over_b_um,2.743059861849547,3.790295734361067,0.7237060256228124,-27.62939743771876,-0.4665243112580955,0.3011724309649323,4.904470815746917
m4-1,IFNg_KO_het,PR8,LEFT,damaged_core_vs_intact_core,morph_surface_density_per_um,0.15067807906376499,0.15982178458357965,0.9427881152520049,-5.72118847479951,-0.08499452273868116,0.3011724309649323,4.904470815746917
m4-1,IFNg_KO_het,PR8,LEFT,damaged_core_vs_intact_core,morph_mli_anisotropy_ratio,1.0682445946246328,1.0469787394004157,1.020311639982676,2.0311639982675933,0.02900987061667806,0.3011724309649323,4.904470815746917
m4-1,IFNg_KO_het,PR8,LEFT,damaged_core_vs_intact_core,morph_mean_airspace_component_eqdiam_um,4.821464895999027,11.737153970729112,0.4107865422932266,-58.921345770677334,-1.2835391763394628,0.3011724309649323,4.904470815746917
m4-1,IFNg_KO_het,PR8,LEFT,damaged_core_vs_intact_core,morph_confluent_airspace_fraction,0.0,0.5303394468273923,0.0,-100.0,,0.3011724309649323,4.904470815746917
m4-2,IFNg_KO_het,naive,LEFT,damaged_vs_intact,morph_tissue_fraction,0.19496382528954656,0.18160975186967962,1.0735316979533656,7.353169795336556,0.10236478999033577,0.5116968125461809,54.315442797625
m4-2,IFNg_KO_het,naive,LEFT,damaged_vs_intact,morph_airspace_fraction,0.8050361747104535,0.8183902481303202,0.9836825115519457,-1.6317488448054251,-0.023735341232182884,0.5116968125461809,54.315442797625
m4-2,IFNg_KO_het,naive,LEFT,damaged_vs_intact,morph_mli_direct_um,11.922464490953113,18.82026887999105,0.6334906566413934,-36.65093433586066,-0.6586047536847062,0.5116968125461809,54.315442797625
m4-2,IFNg_KO_het,naive,LEFT,damaged_vs_intact,morph_mli_indirect_um,27.697117350867778,29.707869140175124,0.9323158527520196,-6.768414724798044,-0.10110929665792388,0.5116968125461809,54.315442797625
m4-2,IFNg_KO_het,naive,LEFT,damaged_vs_intact,morph_airspace_width_edmmean_um,9.812914343580246,12.604738941656338,0.778509923053652,-22.149007694634804,-0.36121266656692064,0.5116968125461809,54.315442797625
m4-2,IFNg_KO_het,naive,LEFT,damaged_vs_intact,morph_airspace_width_edmmedian_um,5.938944047508583,9.44076562107895,0.6290744083560718,-37.092559164392824,-0.6686974224293186,0.5116968125461809,54.315442797625
m4-2,IFNg_KO_het,naive,LEFT,damaged_vs_intact,morph_wall_thickness_edmmean_um,4.513240327089083,4.705667583313022,0.9591073417709499,-4.089265822905008,-0.06023580646941702,0.5116968125461809,54.315442797625
m4-2,IFNg_KO_het,naive,LEFT,damaged_vs_intact,morph_wall_thickness_edmmedian_um,3.536877310332688,3.581123378744265,0.9876446400383189,-1.2355359961681134,-0.0179360493073861,0.5116968125461809,54.315442797625
m4-2,IFNg_KO_het,naive,LEFT,damaged_vs_intact,morph_wall_thickness_2a_over_b_um,3.409572807488969,3.4243029646440584,0.9956983487421591,-0.4301651257840877,-0.006219357301438152,0.5116968125461809,54.315442797625
m4-2,IFNg_KO_het,naive,LEFT,damaged_vs_intact,morph_surface_density_per_um,0.14561099948137193,0.13505388990255562,1.0781696076020728,7.816960760207281,0.1085841472917739,0.5116968125461809,54.315442797625
m4-2,IFNg_KO_het,naive,LEFT,damaged_vs_intact,morph_mli_anisotropy_ratio,1.2478836914812859,1.0561355502680374,1.1815563742405835,18.155637424058348,0.2406884646033979,0.5116968125461809,54.315442797625
m4-2,IFNg_KO_het,naive,LEFT,damaged_vs_intact,morph_mean_airspace_component_eqdiam_um,11.401584630520889,37.86105498750992,0.30114281375102164,-69.88571862489783,-1.7314802629611923,0.5116968125461809,54.315442797625
m4-2,IFNg_KO_het,naive,LEFT,damaged_vs_intact,morph_confluent_airspace_fraction,0.0,0.9232708103172641,0.0,-100.0,,0.5116968125461809,54.315442797625
m4-2,IFNg_KO_het,naive,LEFT,damaged_core_vs_intact_core,morph_tissue_fraction,0.029228855721393034,0.17957738703454257,0.1627646788054151,-83.72353211945848,-2.619140437303933,0.0030622282228773743,3.794565434616697
m4-2,IFNg_KO_het,naive,LEFT,damaged_core_vs_intact_core,morph_airspace_fraction,0.9707711442786069,0.8204226129654575,1.1832574199408123,18.325741994081234,0.24276396892035024,0.0030622282228773743,3.794565434616697
m4-2,IFNg_KO_het,naive,LEFT,damaged_core_vs_intact_core,morph_mli_direct_um,43.13021263316252,22.556417993814666,1.9121038032275126,91.21038032275126,0.9351608456704089,0.0030622282228773743,3.794565434616697
m4-2,IFNg_KO_het,naive,LEFT,damaged_core_vs_intact_core,morph_mli_indirect_um,170.0696943394996,30.299326762854363,5.612985914525254,461.2985914525254,2.488768438941745,0.0030622282228773743,3.794565434616697
m4-2,IFNg_KO_het,naive,LEFT,damaged_core_vs_intact_core,morph_airspace_width_edmmean_um,78.90249575413202,16.96424098357041,4.651106750402084,365.1106750402084,2.217574052420752,0.0030622282228773743,3.794565434616697
m4-2,IFNg_KO_het,naive,LEFT,damaged_core_vs_intact_core,morph_wall_thickness_edmmean_um,4.2616239219061045,5.002453388912513,0.8519067726551156,-14.80932273448844,-0.23123253531326232,0.0030622282228773743,3.794565434616697
m4-2,IFNg_KO_het,naive,LEFT,damaged_core_vs_intact_core,morph_wall_thickness_edmmedian_um,3.46875,3.6072389491036656,0.9616080467477549,-3.8391953252245092,-0.05647912629821714,0.0030622282228773743,3.794565434616697
m4-2,IFNg_KO_het,naive,LEFT,damaged_core_vs_intact_core,morph_wall_thickness_2a_over_b_um,3.222779241870158,3.45523190022186,0.9327244407714642,-6.727555922853579,-0.10047717313662849,0.0030622282228773743,3.794565434616697
m4-2,IFNg_KO_het,naive,LEFT,damaged_core_vs_intact_core,morph_surface_density_per_um,0.02309518099678488,0.1323471402876952,0.17450457143675907,-82.5495428563241,-2.518663264167304,0.0030622282228773743,3.794565434616697
m4-2,IFNg_KO_het,naive,LEFT,damaged_core_vs_intact_core,morph_mli_anisotropy_ratio,17.86111111111112,1.0318428255820078,17.309914522143057,1630.9914522143056,4.113526695456455,0.0030622282228773743,3.794565434616697
m6,IFNg_KO_hom,naive,LEFT,damaged_vs_intact,morph_tissue_fraction,0.21242909152484973,0.21492784615095656,0.9883739837770867,-1.162601622291326,-0.016871058694317338,0.08997009338409123,50.29065417002319
m6,IFNg_KO_hom,naive,LEFT,damaged_vs_intact,morph_airspace_fraction,0.7875709084751504,0.7850721538490434,1.0031828343596907,0.31828343596906894,0.004584567251768133,0.08997009338409123,50.29065417002319
m6,IFNg_KO_hom,naive,LEFT,damaged_vs_intact,morph_mli_direct_um,7.6136885923956354,17.181412128651196,0.44313520538275675,-55.686479461724325,-1.174181146954268,0.08997009338409123,50.29065417002319
m6,IFNg_KO_hom,naive,LEFT,damaged_vs_intact,morph_mli_indirect_um,23.250993182061475,26.592831122331347,0.8743331266649694,-12.566687333503058,-0.19374503413174618,0.08997009338409123,50.29065417002319
m6,IFNg_KO_hom,naive,LEFT,damaged_vs_intact,morph_airspace_width_edmmean_um,5.655518509982217,11.69266452866654,0.48368090062934405,-51.631909937065586,-1.0478725244621838,0.08997009338409123,50.29065417002319
m6,IFNg_KO_hom,naive,LEFT,damaged_vs_intact,morph_airspace_width_edmmedian_um,3.7404808681822432,9.231751257033856,0.4051756556300513,-59.48243443699487,-1.3033806003062793,0.08997009338409123,50.29065417002319
m6,IFNg_KO_hom,naive,LEFT,damaged_vs_intact,morph_wall_thickness_edmmean_um,3.6359732657763026,4.9569104765010685,0.7335160243488652,-26.64839756511348,-0.4470996116115744,0.08997009338409123,50.29065417002319
m6,IFNg_KO_hom,naive,LEFT,damaged_vs_intact,morph_wall_thickness_edmmedian_um,3.30269989615784,3.657299916081172,0.9030432209389901,-9.695677906100986,-0.14713305608252572,0.08997009338409123,50.29065417002319
m6,IFNg_KO_hom,naive,LEFT,damaged_vs_intact,morph_wall_thickness_2a_over_b_um,3.106806491831971,3.6278436135062657,0.8563782849584525,-14.362171504154752,-0.22367988087802412,0.08997009338409123,50.29065417002319
m6,IFNg_KO_hom,naive,LEFT,damaged_vs_intact,morph_surface_density_per_um,0.17411648938722007,0.15086352232237996,1.1541324682526695,15.413246825266945,0.2068088221837067,0.08997009338409123,50.29065417002319
m6,IFNg_KO_hom,naive,LEFT,damaged_vs_intact,morph_mli_anisotropy_ratio,1.0865714442489123,1.048072151434908,1.0367334374463582,3.6733437446358153,0.052044999349136076,0.08997009338409123,50.29065417002319
m6,IFNg_KO_hom,naive,LEFT,damaged_vs_intact,morph_mean_airspace_component_eqdiam_um,8.540332291469694,33.651043112365116,0.2537910121523555,-74.62089878476445,-1.9782871169330338,0.08997009338409123,50.29065417002319
m6,IFNg_KO_hom,naive,LEFT,damaged_vs_intact,morph_confluent_airspace_fraction,0.0,0.9158019334270522,0.0,-100.0,,0.08997009338409123,50.29065417002319
